MoleculeId,PredictedProbability
1,0.948827901
2,0.965345111
3,0.506603142
4,0.990203944
5,0.060863747
6,0.632206735
7,0.976667647
8,0.781090677
9,0.965205052
10,0.449438223
11,0.210247193
12,0.811688046
13,0.883850488
14,0.529756228
15,0.235573049
16,0.063837037
17,0.102236511
18,0.117426939
19,0.370850720
20,0.927053084
21,0.065588115
22,0.964351289
23,0.940532814
24,0.982324120
25,0.954223301
26,0.680097511
27,0.055392997
28,0.152191292
29,0.077686923
30,0.546648067
31,0.205567111
32,0.049489960
33,0.853197909
34,0.348541076
35,0.301241761
36,0.969097645
37,0.907450794
38,0.833943488
39,0.953309119
40,0.981595779
41,0.293427809
42,0.025131932
43,0.790967341
44,0.959948028
45,0.020347930
46,0.331264322
47,0.932677465
48,0.559460889
49,0.968289211
50,0.746689286
51,0.904693021
52,0.033746874
53,0.879482756
54,0.065208639
55,0.051385132
56,0.912741503
57,0.996070302
58,0.985474101
59,0.991190854
60,0.757649819
61,0.828119867
62,0.965145768
63,0.153959117
64,0.019051917
65,0.561412476
66,0.323831921
67,0.387685804
68,0.140308943
69,0.149999599
70,0.249706853
71,0.937930232
72,0.819470220
73,0.951885753
74,0.953807105
75,0.165012163
76,0.191781643
77,0.962217524
78,0.456031996
79,0.971538242
80,0.198966188
81,0.152395171
82,0.149538113
83,0.042263986
84,0.064698354
85,0.769072619
86,0.577470843
87,0.265567664
88,0.945311925
89,0.973867062
90,0.373507734
91,0.632141833
92,0.651233608
93,0.146047600
94,0.041674708
95,0.789090786
96,0.175863816
97,0.707517963
98,0.940001142
99,0.971098545
100,0.960094499
101,0.658032019
102,0.982444504
103,0.724362830
104,0.361247765
105,0.156624267
106,0.107534577
107,0.692965290
108,0.572453778
109,0.975763986
110,0.006536087
111,0.483610234
112,0.784110878
113,0.081891808
114,0.937109446
115,0.925789250
116,0.040307322
117,0.892704475
118,0.112261383
119,0.628600872
120,0.106077357
121,0.179092802
122,0.041457886
123,0.974100619
124,0.230387014
125,0.345647947
126,0.208351962
127,0.496687598
128,0.572584655
129,0.166126631
130,0.041385307
131,0.013272242
132,0.387608987
133,0.013472451
134,0.966768065
135,0.601648816
136,0.967986128
137,0.037077264
138,0.851575380
139,0.873082481
140,0.940513380
141,0.844660490
142,0.967855269
143,0.933338440
144,0.143645649
145,0.957648284
146,0.043856272
147,0.883954960
148,0.951838316
149,0.599871901
150,0.243450531
151,0.018904744
152,0.616639536
153,0.410318503
154,0.992643755
155,0.995244448
156,0.599845987
157,0.886339309
158,0.973158418
159,0.638941950
160,0.008785679
161,0.709417268
162,0.009583949
163,0.084723948
164,0.996894466
165,0.983668771
166,0.396729263
167,0.636010298
168,0.880432455
169,0.379855116
170,0.967151054
171,0.985923611
172,0.938953579
173,0.378280028
174,0.851182304
175,0.048981749
176,0.867295425
177,0.183457071
178,0.110240420
179,0.510978157
180,0.090891538
181,0.282608118
182,0.911418910
183,0.752623218
184,0.063470155
185,0.970617920
186,0.537626384
187,0.987281988
188,0.292147287
189,0.994364648
190,0.571407723
191,0.079263005
192,0.675742298
193,0.061909068
194,0.707173612
195,0.993592873
196,0.186241148
197,0.992311948
198,0.771235049
199,0.647022299
200,0.157892445
201,0.970869362
202,0.169010483
203,0.358164956
204,0.102092569
205,0.963602650
206,0.836462775
207,0.550481455
208,0.970868484
209,0.717211976
210,0.169808327
211,0.931248157
212,0.950787685
213,0.961778914
214,0.007948462
215,0.695133134
216,0.937155282
217,0.728455141
218,0.604084399
219,0.483772519
220,0.117097639
221,0.889679397
222,0.167077353
223,0.170118893
224,0.994875350
225,0.438978439
226,0.290444274
227,0.144985054
228,0.968119162
229,0.113630776
230,0.609388308
231,0.720392614
232,0.989680664
233,0.898901385
234,0.225923104
235,0.914638230
236,0.903840785
237,0.544975943
238,0.109054572
239,0.946850838
240,0.890169750
241,0.159329337
242,0.001572196
243,0.834526774
244,0.612019630
245,0.653154109
246,0.956159460
247,0.084229935
248,0.121920162
249,0.968576164
250,0.079427246
251,0.594478893
252,0.488541606
253,0.484188049
254,0.789624921
255,0.989402709
256,0.564152820
257,0.063668806
258,0.322139731
259,0.497338469
260,0.011257938
261,0.241668734
262,0.098697939
263,0.160096542
264,0.535495985
265,0.073189240
266,0.867366797
267,0.883847313
268,0.104314386
269,0.495134992
270,0.955848961
271,0.983659348
272,0.967600289
273,0.784676785
274,0.334137175
275,0.155594342
276,0.073321885
277,0.939794400
278,0.334208805
279,0.828461560
280,0.513139769
281,0.035465723
282,0.940279030
283,0.789894615
284,0.001908459
285,0.834064108
286,0.994236976
287,0.978953188
288,0.771155723
289,0.955803234
290,0.083931070
291,0.136502058
292,0.180934327
293,0.452227239
294,0.851458073
295,0.007239725
296,0.197433027
297,0.000000000
298,0.728881192
299,0.888401402
300,0.895291128
301,0.934090910
302,0.133288999
303,0.822656766
304,0.916470745
305,0.976040973
306,0.960885827
307,0.244277409
308,0.956546538
309,0.568538615
310,0.959973864
311,0.978999386
312,0.659386567
313,0.742382889
314,0.025576813
315,0.915783412
316,0.357117290
317,0.974088988
318,0.114126732
319,0.191418680
320,0.032363384
321,0.200342466
322,0.827372439
323,0.978393168
324,0.178993419
325,0.097068481
326,0.943645478
327,0.999156613
328,0.959532802
329,0.271121800
330,0.865913225
331,0.702274059
332,0.741355331
333,0.449833970
334,0.381457592
335,0.809063234
336,0.759820884
337,0.955685797
338,0.028766972
339,0.019572769
340,0.976823821
341,0.970208607
342,0.920903672
343,0.032568429
344,0.262549437
345,0.851854713
346,0.931965546
347,0.127365140
348,0.273983391
349,0.073236576
350,0.701402995
351,0.272407896
352,0.876847162
353,0.912695241
354,0.131311029
355,0.820021863
356,0.319270296
357,0.813462637
358,0.218185838
359,0.048363315
360,0.954209719
361,0.486369801
362,0.765503718
363,0.973419007
364,0.566373954
365,0.927087106
366,0.981443489
367,0.723956530
368,0.307670937
369,0.018308684
370,0.099278019
371,0.898067576
372,0.192419904
373,0.629108962
374,0.034350327
375,0.667702833
376,0.986756186
377,0.644891935
378,0.662266064
379,0.971036380
380,0.043000856
381,0.975020399
382,0.970803095
383,0.984649440
384,0.377933532
385,0.990161350
386,0.626013439
387,0.050673842
388,0.030794033
389,0.009552312
390,0.968431953
391,0.769760135
392,0.418112867
393,0.838546410
394,0.786021567
395,0.995047057
396,0.057297689
397,0.362121006
398,0.045080183
399,0.781011645
400,0.967347926
401,0.958389941
402,0.764294332
403,0.032394809
404,0.985141049
405,0.628200320
406,0.054075832
407,0.993453992
408,0.632493130
409,0.229265667
410,0.341524259
411,0.803700556
412,0.978855326
413,0.959621529
414,0.205200950
415,0.881226936
416,0.959341720
417,0.265172884
418,0.741989372
419,0.445864188
420,0.261036515
421,0.092993806
422,0.691763741
423,0.754379073
424,0.644819525
425,0.967766872
426,0.047326286
427,0.874452362
428,0.851394951
429,0.822330858
430,0.152852061
431,0.774214332
432,0.790414814
433,0.386437519
434,0.074001834
435,0.415131769
436,0.018847838
437,0.466436265
438,0.632900007
439,0.007756727
440,0.098150792
441,0.774099845
442,0.951277314
443,0.960420501
444,0.027020164
445,0.950753936
446,0.972237751
447,0.199455969
448,0.024155633
449,0.040629028
450,0.957358606
451,0.619937345
452,0.878296117
453,0.301670401
454,0.917457423
455,0.714641159
456,0.810616342
457,0.266088593
458,0.743137412
459,0.043155323
460,0.591705794
461,0.428165315
462,0.964165399
463,0.848816947
464,0.952333341
465,0.836123951
466,0.363434161
467,0.161506562
468,0.676517750
469,0.659467268
470,0.253533432
471,0.034374629
472,0.997694132
473,0.103508896
474,0.327277902
475,0.415689260
476,0.213304191
477,0.813308397
478,0.183063253
479,0.244166225
480,0.062915214
481,0.157465267
482,0.172119026
483,0.538541272
484,0.962836953
485,0.147156502
486,0.963509947
487,0.185986355
488,0.278161019
489,0.639969156
490,0.627295211
491,0.035807244
492,0.855580942
493,0.842412505
494,0.979970245
495,0.372895644
496,0.957462102
497,0.272723926
498,0.146111592
499,0.257759914
500,0.123386426
501,0.934354333
502,0.807211773
503,0.654876125
504,0.088150873
505,0.896017344
506,0.719923857
507,0.235203598
508,0.211134509
509,0.431159557
510,0.130992456
511,0.988070145
512,0.838661418
513,0.250915459
514,0.965763691
515,0.961159190
516,0.123467352
517,0.649215836
518,0.011693224
519,0.233726826
520,0.981055152
521,0.807131764
522,0.938708439
523,0.954824752
524,0.421501836
525,0.709279421
526,0.140956362
527,0.931014095
528,0.752996054
529,0.022777696
530,0.143205433
531,0.791236995
532,0.041096051
533,0.837408268
534,0.038519754
535,0.376133592
536,0.016739309
537,0.999078788
538,0.100584499
539,0.990082479
540,0.203648381
541,0.125586141
542,0.057906720
543,0.584372562
544,0.699664027
545,0.932250372
546,0.882269451
547,0.939299802
548,0.517236744
549,0.970166495
550,0.943154173
551,0.601432810
552,0.229967947
553,0.130162074
554,0.251612863
555,0.011433904
556,0.951439123
557,0.286317244
558,0.621684630
559,0.670882496
560,0.958682698
561,0.999099476
562,0.968079047
563,0.692301691
564,0.360029410
565,0.452083439
566,0.256111465
567,0.250066830
568,0.914400814
569,0.897874141
570,0.187417924
571,0.632371786
572,0.954906700
573,0.028370542
574,0.919770054
575,0.230465126
576,0.799148449
577,0.939678484
578,0.383386723
579,0.894615321
580,0.101736350
581,0.662915498
582,0.996637019
583,0.044905044
584,0.937751696
585,0.763359217
586,0.783161693
587,0.969152166
588,0.228825687
589,0.103441439
590,0.958276354
591,0.848704000
592,0.006407336
593,0.991452740
594,0.984401364
595,0.897336008
596,0.145760782
597,0.089309409
598,0.986836012
599,0.995492875
600,0.295557601
601,0.231412370
602,0.727050281
603,0.952198289
604,0.513221237
605,0.834611734
606,0.099150815
607,0.920927920
608,0.108619695
609,0.052414493
610,0.410572284
611,0.623766570
612,0.986547976
613,0.164232645
614,0.847267297
615,0.984028900
616,0.473689432
617,0.551698668
618,0.961162554
619,0.006205604
620,0.717578125
621,0.516491345
622,0.962876514
623,0.261839902
624,0.093335050
625,0.054384704
626,0.979192421
627,0.076189463
628,0.742498751
629,0.179922380
630,0.042756230
631,0.098359873
632,0.317103654
633,0.973499541
634,0.781463490
635,0.942523747
636,0.953546099
637,0.999001516
638,0.058674598
639,0.749052958
640,0.482480505
641,0.265864174
642,0.227290162
643,0.075142186
644,0.025954737
645,0.106795271
646,0.482146001
647,0.018960251
648,0.934688358
649,0.691658662
650,0.834192751
651,0.955147264
652,0.060509919
653,0.157904724
654,0.067482423
655,0.153653805
656,0.979567490
657,0.772272963
658,0.625309097
659,0.817929855
660,0.095388861
661,0.133592820
662,0.749662879
663,0.185689477
664,0.900435534
665,0.913047715
666,0.077454987
667,0.265618042
668,0.944926527
669,0.427665900
670,0.600496018
671,0.158886224
672,0.955093892
673,0.301644993
674,0.793582579
675,0.954960037
676,0.180481473
677,0.242385971
678,0.172795322
679,0.690598322
680,0.008263626
681,0.257290255
682,0.553805262
683,0.123558713
684,0.739733067
685,0.825833528
686,0.080646182
687,0.070207212
688,0.797525193
689,0.030862614
690,0.759062560
691,0.812036695
692,0.850684426
693,0.647832998
694,0.919043636
695,0.116558319
696,0.939767826
697,0.932108846
698,0.313869767
699,0.986455546
700,0.876289915
701,0.284238439
702,0.146442448
703,0.910665690
704,0.772230716
705,0.886553618
706,0.323187939
707,0.598957790
708,0.512687869
709,0.953036346
710,0.943833921
711,0.023990439
712,0.882828959
713,0.507463035
714,0.559649786
715,0.899200527
716,0.694753515
717,0.290061996
718,0.978574986
719,0.948132541
720,0.636781985
721,0.987354538
722,0.877863717
723,0.956361379
724,0.384406800
725,0.548274387
726,0.005514701
727,0.181668108
728,0.100372322
729,0.020808165
730,0.643266920
731,0.876755929
732,0.607340862
733,0.932618487
734,0.135777016
735,0.095425963
736,0.209820861
737,0.035927841
738,0.394833744
739,0.991517033
740,0.945914726
741,0.876756867
742,0.548227280
743,0.147026292
744,0.957799776
745,0.661928928
746,0.025228050
747,0.223022866
748,0.655496028
749,0.906686188
750,0.641503732
751,0.079551266
752,0.629476045
753,0.839142527
754,0.802571130
755,0.780363207
756,0.713253468
757,0.927755359
758,0.565503843
759,0.998611092
760,0.898422797
761,0.797907020
762,0.705160129
763,0.976643958
764,0.970069722
765,0.766068637
766,0.197245914
767,0.354940825
768,0.883671386
769,0.625452689
770,0.929880556
771,0.008148186
772,0.437724988
773,0.193561766
774,0.149794667
775,0.957432954
776,0.998151138
777,0.246411878
778,0.702502159
779,0.149712262
780,0.968812921
781,0.920735695
782,0.858179313
783,0.043589248
784,0.913739830
785,0.032463645
786,0.985222531
787,0.830873356
788,0.488882174
789,0.095447115
790,0.024442935
791,0.195306472
792,0.024932653
793,0.177598094
794,0.093833404
795,0.724493532
796,0.881627015
797,0.933050628
798,0.447369256
799,0.764310134
800,0.994157166
801,0.083287684
802,0.760445862
803,0.863695109
804,0.977062526
805,0.916973906
806,0.479785513
807,0.365497466
808,0.054728674
809,0.210669050
810,0.219077704
811,0.875943603
812,0.745408148
813,0.733846251
814,0.989666346
815,0.094926092
816,0.857723360
817,0.052924462
818,0.941184243
819,0.595046762
820,0.939351459
821,0.004868394
822,0.815994636
823,0.000136170
824,0.122616713
825,0.701036468
826,0.979687925
827,0.594696132
828,0.924388643
829,0.865123166
830,0.987577494
831,0.883794263
832,0.978713018
833,0.213827877
834,0.965006864
835,0.133429497
836,0.820991472
837,0.920915533
838,0.098439606
839,0.717686485
840,0.699552846
841,0.774195659
842,0.025254806
843,0.032553133
844,0.198959956
845,0.964979310
846,0.792157569
847,0.922470357
848,0.628746390
849,0.196849086
850,0.155977464
851,0.939990034
852,0.995957991
853,0.994779384
854,0.043225978
855,0.877041795
856,0.443728227
857,0.671918869
858,0.963037339
859,0.075109420
860,0.042328264
861,0.887330366
862,0.880450529
863,0.834998070
864,0.867803723
865,0.219327766
866,0.135407659
867,0.903475152
868,0.795097803
869,0.922998650
870,0.701654966
871,0.405272606
872,0.624330369
873,0.916924060
874,0.308555975
875,0.846451739
876,0.475961929
877,0.361684000
878,0.976711933
879,0.931830550
880,0.192512133
881,0.637806205
882,0.535628308
883,0.969150511
884,0.030322755
885,0.029647505
886,0.061689115
887,0.541499162
888,0.888631404
889,0.060106487
890,0.124445690
891,0.306476021
892,0.262692110
893,0.988219205
894,0.372472894
895,0.859875483
896,0.752981482
897,0.870385411
898,0.533217102
899,0.047361495
900,0.952934919
901,0.001116349
902,0.629453960
903,0.096698161
904,0.993694181
905,0.996724541
906,0.346499358
907,0.260665157
908,0.731001339
909,0.995379996
910,0.172847293
911,0.395441670
912,0.854727223
913,0.967178200
914,0.347113259
915,0.947951061
916,0.369727127
917,0.124006918
918,0.363136764
919,0.654950171
920,0.015106516
921,0.284594336
922,0.966811942
923,0.049459828
924,0.393102581
925,0.995204354
926,0.649092372
927,0.145577150
928,0.022962414
929,0.007039568
930,0.927254016
931,0.048118433
932,0.128543463
933,0.021319584
934,0.944772483
935,0.774396831
936,0.087140309
937,0.987588594
938,0.681475709
939,0.997994532
940,0.163784428
941,0.858083660
942,0.192192075
943,0.005865951
944,0.164735927
945,0.440684192
946,0.573338037
947,0.202699935
948,0.819647713
949,0.091324374
950,0.667283929
951,0.958349091
952,0.186897588
953,0.111515123
954,0.024488460
955,0.064640703
956,0.065860312
957,0.903926611
958,0.238234140
959,0.236607942
960,0.137396476
961,0.502230727
962,0.840412395
963,0.650330140
964,0.837209467
965,0.022260716
966,0.854341348
967,0.213071832
968,0.862463341
969,0.219853243
970,0.037190444
971,0.169869290
972,0.247480257
973,0.980619100
974,0.948838294
975,0.912131735
976,0.762545966
977,0.976764493
978,0.115987752
979,0.945840797
980,0.176435242
981,0.210249867
982,0.046314572
983,0.897036606
984,0.954190641
985,0.303526007
986,0.032682824
987,0.789976536
988,0.895877221
989,0.074223017
990,0.495408814
991,0.914645368
992,0.102329383
993,0.910465406
994,0.101616460
995,0.155230836
996,0.904181005
997,0.381154153
998,0.095403602
999,0.733458249
1000,0.606831443
1001,0.059940381
1002,0.896996625
1003,0.990280492
1004,0.530133234
1005,0.842079920
1006,0.055294439
1007,0.755384766
1008,0.965783225
1009,0.574761787
1010,0.100877312
1011,0.681244629
1012,0.198429798
1013,0.236299719
1014,0.282692982
1015,0.127772658
1016,0.896471788
1017,0.248294394
1018,0.953707101
1019,0.868866598
1020,0.227131684
1021,0.530847554
1022,0.459726995
1023,0.856059732
1024,0.902295982
1025,0.817621412
1026,0.446580322
1027,0.207025815
1028,0.362256900
1029,0.969523322
1030,0.992344975
1031,0.681081560
1032,0.430019360
1033,0.908237203
1034,0.080617567
1035,0.872716459
1036,0.504387913
1037,0.683269749
1038,0.754795738
1039,0.397734762
1040,0.291478782
1041,0.255909643
1042,0.954376489
1043,0.975367640
1044,0.234734544
1045,0.420238550
1046,0.987232894
1047,0.985596875
1048,0.602508915
1049,0.200807915
1050,0.982275509
1051,0.107856229
1052,0.318994019
1053,0.992247546
1054,0.892325997
1055,0.875796827
1056,0.989046297
1057,0.060601208
1058,0.934715803
1059,0.078370493
1060,0.409583975
1061,0.233537742
1062,0.147477406
1063,0.975184969
1064,0.131187352
1065,0.512610324
1066,0.477659001
1067,0.660563580
1068,0.893044605
1069,0.308683071
1070,0.223642418
1071,0.325415930
1072,0.940623619
1073,0.999437405
1074,0.970853439
1075,0.751474565
1076,0.686292152
1077,0.970203698
1078,0.220941121
1079,0.884544645
1080,0.977088736
1081,0.544003228
1082,0.387572502
1083,0.558927958
1084,0.937050701
1085,0.066472576
1086,0.425855482
1087,0.055831382
1088,0.994062546
1089,0.972434508
1090,0.156317949
1091,0.780261598
1092,0.993476597
1093,0.950972344
1094,0.983322548
1095,0.983668913
1096,0.677988493
1097,0.911469443
1098,0.343752870
1099,0.168498243
1100,0.986236311
1101,0.010372216
1102,0.828631719
1103,0.975612128
1104,0.425326620
1105,0.193774343
1106,0.933633581
1107,0.244576620
1108,0.218476539
1109,0.024165551
1110,0.845637762
1111,0.053358876
1112,0.948793435
1113,0.912564542
1114,0.071598629
1115,0.857659848
1116,0.022350524
1117,0.867773935
1118,0.046709635
1119,0.062851361
1120,0.134212957
1121,0.679146251
1122,0.306783027
1123,0.734605812
1124,0.229262599
1125,0.066661693
1126,0.990858398
1127,0.059917504
1128,0.653450464
1129,0.300333071
1130,0.045781264
1131,0.091781448
1132,0.639249520
1133,0.956345297
1134,0.926489430
1135,0.186192405
1136,0.050499375
1137,0.755324206
1138,0.482251788
1139,0.763340189
1140,0.362795456
1141,0.448912812
1142,0.322990527
1143,0.274080970
1144,0.593688580
1145,0.642265688
1146,0.997408354
1147,0.902544584
1148,0.101619427
1149,0.845613580
1150,0.996475796
1151,0.723280211
1152,0.587560485
1153,0.243800869
1154,0.833544169
1155,0.960614014
1156,0.913947798
1157,0.020783339
1158,0.192978705
1159,0.004634176
1160,0.900629457
1161,0.459252454
1162,0.777790721
1163,0.966003512
1164,0.107930128
1165,0.771792577
1166,0.216716329
1167,0.958712290
1168,0.011305366
1169,0.989252979
1170,0.038766565
1171,0.982125294
1172,0.764538393
1173,0.089459286
1174,0.734177024
1175,0.968294973
1176,0.026962591
1177,0.683775020
1178,0.801901777
1179,0.293646818
1180,0.059599041
1181,0.978699201
1182,0.950176845
1183,0.963167827
1184,0.027623370
1185,0.894904836
1186,0.214552497
1187,0.243084511
1188,0.074828612
1189,0.993109432
1190,0.300158682
1191,0.095732391
1192,0.645142389
1193,0.989582805
1194,0.166908551
1195,0.843482355
1196,0.013749005
1197,0.976715135
1198,0.969856028
1199,0.994061840
1200,0.366394613
1201,0.956569044
1202,0.619269709
1203,0.989690909
1204,0.416889928
1205,0.274771117
1206,0.953906567
1207,0.311617880
1208,0.889585388
1209,0.032117676
1210,0.985031299
1211,0.072199680
1212,0.884314322
1213,0.045346826
1214,0.614795757
1215,0.706676166
1216,0.802723712
1217,0.217095645
1218,0.872187094
1219,0.640137561
1220,0.440466618
1221,0.719958520
1222,0.974274410
1223,0.536293952
1224,0.590931629
1225,0.872558243
1226,0.129541334
1227,0.988221212
1228,0.925579915
1229,0.975920031
1230,0.651541602
1231,0.950264415
1232,0.806486257
1233,0.972111434
1234,0.242129427
1235,0.368387198
1236,0.665612517
1237,0.110774125
1238,0.899651693
1239,0.794548761
1240,0.123770614
1241,0.983635371
1242,0.103674867
1243,0.057151126
1244,0.011780435
1245,0.739097649
1246,0.127883324
1247,0.018787822
1248,0.060044666
1249,0.951350161
1250,0.689753613
1251,0.086979536
1252,0.301929702
1253,0.772543950
1254,0.208374310
1255,0.637340887
1256,0.154592122
1257,0.851816106
1258,0.682840700
1259,0.923498245
1260,0.951624741
1261,0.967705926
1262,0.986437982
1263,0.592477652
1264,0.616228709
1265,0.986726832
1266,0.961131869
1267,0.956658992
1268,0.776850058
1269,0.043815501
1270,0.190816970
1271,0.109772276
1272,0.985891408
1273,0.898051136
1274,0.874898672
1275,0.873795587
1276,0.474998738
1277,0.985034214
1278,0.963086892
1279,0.921954124
1280,0.846403380
1281,0.971750789
1282,0.923407657
1283,0.765708457
1284,0.070256691
1285,0.691167154
1286,0.686227087
1287,0.400470695
1288,0.191331133
1289,0.751068072
1290,0.976736106
1291,0.973564675
1292,0.246591845
1293,0.016983425
1294,0.916814479
1295,0.753506867
1296,0.181415428
1297,0.011694024
1298,0.736134065
1299,0.981708062
1300,0.119166107
1301,0.202275342
1302,0.023426509
1303,0.942369715
1304,0.618383097
1305,0.166750475
1306,0.917352010
1307,0.956112981
1308,0.810935723
1309,0.871190577
1310,0.929864041
1311,0.783688472
1312,0.930071383
1313,0.433860345
1314,0.880489318
1315,0.255014566
1316,0.921644784
1317,0.507779601
1318,0.082970880
1319,0.024002542
1320,0.191571287
1321,0.823331571
1322,0.188094907
1323,0.048026158
1324,0.904237388
1325,0.456163570
1326,0.970989467
1327,0.473802877
1328,0.027382013
1329,0.131684580
1330,0.886204722
1331,0.345685471
1332,0.495382291
1333,0.966565135
1334,0.488211369
1335,0.841643134
1336,0.726857958
1337,0.166163687
1338,0.139466464
1339,0.825812818
1340,0.097695112
1341,0.952499451
1342,0.997031637
1343,0.937657634
1344,0.928083731
1345,0.975032850
1346,0.999423517
1347,0.244497645
1348,0.993706619
1349,0.727045813
1350,0.967810806
1351,0.989176517
1352,0.194753153
1353,0.786929324
1354,0.980919981
1355,0.921815545
1356,0.110540641
1357,0.643097110
1358,0.105758398
1359,0.133344255
1360,0.911503150
1361,0.990744916
1362,0.573540288
1363,0.558461570
1364,0.869821920
1365,0.972014106
1366,0.893800710
1367,0.958817454
1368,0.762843710
1369,0.991331425
1370,0.579680504
1371,0.908115466
1372,0.569194476
1373,1.000000000
1374,0.000914942
1375,0.490598491
1376,0.209566129
1377,0.987461721
1378,0.652898926
1379,0.112714623
1380,0.230912485
1381,0.917926986
1382,0.573661175
1383,0.879647571
1384,0.564842687
1385,0.031474822
1386,0.603230099
1387,0.963685841
1388,0.729746203
1389,0.045497465
1390,0.855013773
1391,0.814761164
1392,0.484533536
1393,0.960326961
1394,0.965263488
1395,0.731076085
1396,0.159006218
1397,0.169920817
1398,0.027383186
1399,0.145034410
1400,0.546693465
1401,0.668186201
1402,0.949909846
1403,0.927175051
1404,0.081867299
1405,0.021868404
1406,0.872969334
1407,0.020867264
1408,0.970470984
1409,0.915407466
1410,0.509425480
1411,0.169216334
1412,0.209435147
1413,0.763496812
1414,0.929627833
1415,0.553675722
1416,0.146809857
1417,0.281832954
1418,0.765308312
1419,0.341313604
1420,0.954364890
1421,0.028036586
1422,0.933425767
1423,0.945371419
1424,0.196341180
1425,0.487521544
1426,0.552985305
1427,0.015339131
1428,0.037788676
1429,0.170185780
1430,0.819058786
1431,0.689083285
1432,0.553393343
1433,0.013979275
1434,0.218925390
1435,0.346963375
1436,0.281495786
1437,0.092012607
1438,0.996191181
1439,0.043961243
1440,0.960347420
1441,0.871931126
1442,0.194527806
1443,0.306831664
1444,0.129951181
1445,0.100420930
1446,0.202211042
1447,0.046437320
1448,0.192120476
1449,0.907993389
1450,0.765407374
1451,0.897475224
1452,0.506420921
1453,0.303331707
1454,0.295087931
1455,0.541679870
1456,0.800341708
1457,0.936881410
1458,0.490490981
1459,0.455675720
1460,0.315494062
1461,0.238619888
1462,0.931713761
1463,0.665530813
1464,0.895542928
1465,0.970307069
1466,0.278198838
1467,0.963980740
1468,0.178800156
1469,0.513274657
1470,0.983886377
1471,0.858399439
1472,0.405197664
1473,0.857345207
1474,0.061167616
1475,0.162184612
1476,0.194821787
1477,0.974969241
1478,0.139100624
1479,0.332041376
1480,0.961913687
1481,0.007764225
1482,0.133940605
1483,0.924132803
1484,0.856145083
1485,0.192864447
1486,0.021455327
1487,0.174890972
1488,0.129178058
1489,0.147871020
1490,0.894177273
1491,0.888546419
1492,0.152896069
1493,0.853312945
1494,0.287647403
1495,0.756218988
1496,0.988705028
1497,0.206535605
1498,0.976964968
1499,0.077340427
1500,0.917463111
1501,0.092777307
1502,0.268340487
1503,0.622741201
1504,0.540973265
1505,0.650455382
1506,0.022348442
1507,0.132068169
1508,0.961156634
1509,0.907412892
1510,0.550097350
1511,0.966576785
1512,0.776900163
1513,0.978067289
1514,0.729935862
1515,0.015462370
1516,0.017247145
1517,0.036480184
1518,0.805931260
1519,0.437860813
1520,0.067453668
1521,0.134032296
1522,0.976464700
1523,0.112405501
1524,0.005911562
1525,0.977852753
1526,0.000697794
1527,0.352177988
1528,0.797151736
1529,0.989318017
1530,0.525501266
1531,0.401381730
1532,0.778379612
1533,0.801793130
1534,0.217430400
1535,0.908937086
1536,0.551534616
1537,0.051437650
1538,0.163571105
1539,0.939268222
1540,0.979670311
1541,0.630438789
1542,0.942193425
1543,0.011776761
1544,0.863489264
1545,0.861487906
1546,0.954323535
1547,0.750252174
1548,0.940839748
1549,0.792093099
1550,0.427178365
1551,0.972402680
1552,0.904976101
1553,0.907432519
1554,0.942095935
1555,0.929745960
1556,0.942632132
1557,0.446008011
1558,0.900841487
1559,0.891472730
1560,0.995888802
1561,0.494841203
1562,0.179429156
1563,0.027927715
1564,0.502486055
1565,0.628534901
1566,0.357167386
1567,0.893503383
1568,0.159969047
1569,0.969818121
1570,0.867764624
1571,0.999176800
1572,0.657239611
1573,0.966460926
1574,0.481623320
1575,0.034493091
1576,0.780049103
1577,0.940706165
1578,0.927903648
1579,0.860625058
1580,0.814072491
1581,0.932235539
1582,0.391665256
1583,0.906058207
1584,0.999196423
1585,0.695890156
1586,0.140659908
1587,0.976913330
1588,0.916799056
1589,0.286707737
1590,0.017328810
1591,0.023064796
1592,0.875531442
1593,0.981614315
1594,0.104521017
1595,0.787077278
1596,0.806012070
1597,0.687166625
1598,0.923021858
1599,0.806001415
1600,0.360208691
1601,0.921610942
1602,0.264682992
1603,0.044767305
1604,0.872429660
1605,0.034383580
1606,0.126439126
1607,0.935747854
1608,0.038132731
1609,0.879215078
1610,0.935722278
1611,0.919181729
1612,0.894123824
1613,0.946370694
1614,0.185422718
1615,0.685557809
1616,0.206504641
1617,0.130090805
1618,0.683500660
1619,0.985650658
1620,0.993213149
1621,0.159829886
1622,0.770115400
1623,0.778916861
1624,0.969294920
1625,0.926913262
1626,0.114666668
1627,0.007216372
1628,0.166715829
1629,0.570255365
1630,0.046503970
1631,0.726458947
1632,0.662806280
1633,0.961710962
1634,0.318402895
1635,0.296218828
1636,0.146833934
1637,0.874362577
1638,0.874189921
1639,0.097027421
1640,0.860760097
1641,0.250370287
1642,0.962875908
1643,0.793934923
1644,0.101376829
1645,0.999395959
1646,0.161484856
1647,0.953229476
1648,0.882128504
1649,0.616165820
1650,0.297370773
1651,0.968029663
1652,0.973053490
1653,0.401405447
1654,0.544732714
1655,0.103922484
1656,0.804147239
1657,0.758566504
1658,0.983445615
1659,0.251743081
1660,0.953655507
1661,0.065506335
1662,0.175975842
1663,0.139941123
1664,0.834239682
1665,0.554848767
1666,0.421872378
1667,0.910372136
1668,0.371459139
1669,0.961190506
1670,0.755015589
1671,0.204921743
1672,0.991424191
1673,0.143810974
1674,0.095631060
1675,0.913056787
1676,0.921325663
1677,0.018690764
1678,0.947073991
1679,0.501365062
1680,0.829544414
1681,0.887284821
1682,0.218438807
1683,0.967817765
1684,0.753363696
1685,0.966624553
1686,0.175347343
1687,0.885187907
1688,0.490235471
1689,0.399170700
1690,0.879743123
1691,0.670137776
1692,0.066160187
1693,0.207755509
1694,0.560010050
1695,0.681620811
1696,0.103868483
1697,0.975534769
1698,0.033702359
1699,0.012546821
1700,0.108951665
1701,0.895650029
1702,0.956404386
1703,0.124167038
1704,0.859565161
1705,0.150731008
1706,0.252718585
1707,0.784464378
1708,0.006942430
1709,0.832430040
1710,0.237697704
1711,0.197594579
1712,0.486388575
1713,0.032859765
1714,0.102934314
1715,0.185574951
1716,0.022297025
1717,0.322357420
1718,0.991270442
1719,0.989319479
1720,0.424579972
1721,0.051174796
1722,0.060434098
1723,0.507228149
1724,0.453473307
1725,0.292417417
1726,0.957804251
1727,0.985916224
1728,0.585564616
1729,0.981562276
1730,0.609337057
1731,0.376800882
1732,0.216880858
1733,0.962004463
1734,0.882856173
1735,0.805756843
1736,0.994232375
1737,0.052405420
1738,0.952438620
1739,0.933615767
1740,0.995183757
1741,0.854840995
1742,0.863401563
1743,0.822421839
1744,0.376803617
1745,0.055772795
1746,0.291456069
1747,0.023463374
1748,0.947360049
1749,0.959303123
1750,0.184830080
1751,0.907904840
1752,0.928873893
1753,0.206576991
1754,0.155645639
1755,0.052116912
1756,0.989685949
1757,0.416982540
1758,0.038047333
1759,0.676337809
1760,0.911769097
1761,0.929797730
1762,0.987853390
1763,0.147555226
1764,0.506399701
1765,0.951374433
1766,0.975019257
1767,0.774702977
1768,0.769032600
1769,0.990036342
1770,0.821652089
1771,0.845276142
1772,0.994397506
1773,0.931919878
1774,0.530940327
1775,0.172621880
1776,0.952621933
1777,0.010901706
1778,0.864741626
1779,0.040813891
1780,0.463835712
1781,0.874819130
1782,0.816334127
1783,0.128480266
1784,0.739578965
1785,0.456785790
1786,0.004303204
1787,0.802312241
1788,0.395413641
1789,0.212962053
1790,0.287904712
1791,0.274571467
1792,0.818526035
1793,0.973640260
1794,0.115774448
1795,0.045508910
1796,0.795460025
1797,0.412812079
1798,0.556748166
1799,0.826740051
1800,0.146938599
1801,0.990051231
1802,0.106320713
1803,0.067141718
1804,0.279132454
1805,0.938652528
1806,0.556327501
1807,0.570136364
1808,0.080907796
1809,0.890712460
1810,0.946761699
1811,0.971232697
1812,0.392003366
1813,0.825782930
1814,0.609517120
1815,0.990650360
1816,0.293962205
1817,0.933737164
1818,0.187426048
1819,0.538051397
1820,0.260495565
1821,0.317294711
1822,0.266035856
1823,0.970927140
1824,0.976628079
1825,0.996892666
1826,0.896314775
1827,0.569977569
1828,0.983621897
1829,0.816109364
1830,0.965335291
1831,0.358155541
1832,0.104690618
1833,0.462063075
1834,0.764861881
1835,0.809232283
1836,0.457913794
1837,0.347939375
1838,0.061399230
1839,0.980271622
1840,0.706505245
1841,0.043732880
1842,0.922491211
1843,0.771516915
1844,0.206722609
1845,0.881858360
1846,0.130981164
1847,0.890985958
1848,0.637581815
1849,0.296644668
1850,0.558557221
1851,0.973951429
1852,0.043534365
1853,0.886437621
1854,0.959545832
1855,0.833238793
1856,0.968094315
1857,0.188286947
1858,0.079062332
1859,0.248072051
1860,0.983398023
1861,0.720126934
1862,0.108144543
1863,0.798393646
1864,0.989213356
1865,0.491882840
1866,0.942715205
1867,0.947800863
1868,0.926774829
1869,0.951097303
1870,0.590151411
1871,0.941349855
1872,0.971321760
1873,0.471631985
1874,0.103778422
1875,0.211876685
1876,0.812495870
1877,0.009795752
1878,0.198143913
1879,0.825818561
1880,0.921875077
1881,0.375585414
1882,0.126891786
1883,0.575886296
1884,0.085282549
1885,0.976318993
1886,0.171299466
1887,0.836640364
1888,0.992515623
1889,0.978217346
1890,0.037729166
1891,0.920059451
1892,0.261036847
1893,0.885603739
1894,0.357043603
1895,0.491048712
1896,0.888792223
1897,0.978344647
1898,0.594631757
1899,0.934399998
1900,0.125309891
1901,0.939458809
1902,0.940204444
1903,0.549512940
1904,0.009007831
1905,0.123561412
1906,0.051674930
1907,0.649784856
1908,0.097843297
1909,0.953476917
1910,0.150198638
1911,0.134871497
1912,0.939212434
1913,0.019353767
1914,0.950535752
1915,0.861916474
1916,0.202662142
1917,0.149426441
1918,0.188968161
1919,0.689989213
1920,0.573637323
1921,0.974480957
1922,0.576644263
1923,0.065456447
1924,0.216265001
1925,0.950590455
1926,0.425400424
1927,0.186558014
1928,0.903836809
1929,0.922920767
1930,0.038448409
1931,0.087562781
1932,0.093610362
1933,0.134593480
1934,0.980333992
1935,0.014241270
1936,0.077948946
1937,0.176493301
1938,0.990043438
1939,0.656132575
1940,0.681842697
1941,0.976016359
1942,0.992349147
1943,0.815316954
1944,0.222335602
1945,0.106525306
1946,0.181994299
1947,0.469353846
1948,0.758205884
1949,0.078636796
1950,0.392331794
1951,0.957927068
1952,0.068797776
1953,0.997278301
1954,0.242297340
1955,0.897736745
1956,0.209557254
1957,0.124577695
1958,0.058588428
1959,0.816326133
1960,0.538408891
1961,0.079843655
1962,0.095174481
1963,0.211273425
1964,0.700633790
1965,0.325229929
1966,0.294231178
1967,0.923572823
1968,0.221771597
1969,0.888019755
1970,0.209557241
1971,0.736949622
1972,0.923966606
1973,0.967112590
1974,0.634904642
1975,0.918932467
1976,0.895944662
1977,0.095463321
1978,0.922310371
1979,0.010710974
1980,0.880795077
1981,0.938122407
1982,0.072741743
1983,0.369561356
1984,0.126172594
1985,0.216146485
1986,0.997451336
1987,0.291899180
1988,0.488261319
1989,0.999653568
1990,0.737928035
1991,0.255272521
1992,0.889214565
1993,0.841127847
1994,0.176985535
1995,0.200909685
1996,0.960745820
1997,0.974652576
1998,0.989918686
1999,0.383770862
2000,0.512010157
2001,0.308868316
2002,0.999685812
2003,0.314397967
2004,0.963021960
2005,0.841530713
2006,0.226147765
2007,0.024302082
2008,0.993260224
2009,0.050016620
2010,0.126492671
2011,0.246004730
2012,0.727825868
2013,0.779277951
2014,0.766276196
2015,0.966526175
2016,0.962477964
2017,0.178319836
2018,0.328491398
2019,0.882942598
2020,0.911879447
2021,0.122981781
2022,0.918682274
2023,0.682517080
2024,0.351941147
2025,0.354906040
2026,0.117206568
2027,0.052450673
2028,0.220697641
2029,0.104199770
2030,0.927380005
2031,0.348112619
2032,0.935830157
2033,0.363691087
2034,0.100392329
2035,0.807706620
2036,0.948200350
2037,0.058717484
2038,0.425558949
2039,0.761401423
2040,0.801940931
2041,0.506291343
2042,0.531988957
2043,0.329412087
2044,0.144323901
2045,0.272868535
2046,0.482767674
2047,0.986843045
2048,0.985820629
2049,0.126987619
2050,0.067265548
2051,0.242352273
2052,0.971923957
2053,0.781922467
2054,0.420034721
2055,0.807191178
2056,0.696136867
2057,0.950885373
2058,0.847172101
2059,0.306249049
2060,0.273854849
2061,0.586985686
2062,0.990028916
2063,0.789335142
2064,0.023624812
2065,0.092680831
2066,0.418959642
2067,0.659970745
2068,0.681229442
2069,0.756418330
2070,0.976370146
2071,0.071210311
2072,0.171734609
2073,0.754097956
2074,0.998890060
2075,0.078465419
2076,0.959423192
2077,0.139098834
2078,0.936101009
2079,0.982231282
2080,0.889017625
2081,0.991489538
2082,0.321915238
2083,0.510398806
2084,0.990879993
2085,0.204649547
2086,0.114182859
2087,0.087933504
2088,0.322354098
2089,0.544202381
2090,0.094888870
2091,0.214378821
2092,0.899898281
2093,0.195450894
2094,0.812609630
2095,0.476680414
2096,0.622581815
2097,0.970677438
2098,0.933643950
2099,0.952174978
2100,0.945238121
2101,0.363195854
2102,0.085622414
2103,0.660515385
2104,0.667537332
2105,0.912826480
2106,0.086332497
2107,0.766057769
2108,0.961262555
2109,0.842812130
2110,0.558783367
2111,0.643700980
2112,0.134473197
2113,0.896131342
2114,0.309364217
2115,0.147914796
2116,0.145900960
2117,0.866014438
2118,0.094403095
2119,0.173802195
2120,0.950267630
2121,0.970067152
2122,0.924276169
2123,0.631719108
2124,0.091563416
2125,0.954366162
2126,0.062041079
2127,0.955591684
2128,0.631279681
2129,0.991746609
2130,0.082121042
2131,0.857284464
2132,0.155103758
2133,0.216699644
2134,0.858191467
2135,0.729807316
2136,0.110013519
2137,0.810277246
2138,0.963504869
2139,0.882146547
2140,0.059520856
2141,0.165400593
2142,0.486486783
2143,0.347819417
2144,0.109251560
2145,0.353700694
2146,0.982942484
2147,0.954928527
2148,0.686501403
2149,0.273297110
2150,0.404867538
2151,0.137443936
2152,0.185802049
2153,0.233672403
2154,0.814976813
2155,0.831769465
2156,0.013689836
2157,0.121162076
2158,0.595853659
2159,0.807377008
2160,0.990097219
2161,0.956754769
2162,0.946657883
2163,0.885858044
2164,0.945844282
2165,0.804178506
2166,0.747815461
2167,0.942512660
2168,0.074046223
2169,0.021678594
2170,0.868931292
2171,0.650057077
2172,0.928326053
2173,0.096202714
2174,0.009608597
2175,0.005842370
2176,0.865010776
2177,0.165952568
2178,0.244773163
2179,0.682619733
2180,0.942799475
2181,0.832958687
2182,0.202797127
2183,0.618387844
2184,0.103890047
2185,0.286322561
2186,0.092269864
2187,0.039046619
2188,0.995082146
2189,0.060655994
2190,0.330319596
2191,0.154245266
2192,0.367537591
2193,0.889750762
2194,0.195241511
2195,0.068912314
2196,0.370132140
2197,0.192531447
2198,0.137487704
2199,0.909765053
2200,0.882115364
2201,0.907237043
2202,0.948653048
2203,0.129986248
2204,0.694107387
2205,0.054768260
2206,0.290184272
2207,0.646236454
2208,0.993814699
2209,0.102741888
2210,0.065277140
2211,0.896802261
2212,0.658154327
2213,0.939126039
2214,0.712376878
2215,0.981457102
2216,0.508990209
2217,0.903691267
2218,0.236337850
2219,0.904180956
2220,0.991667741
2221,0.170382807
2222,0.868838828
2223,0.985735660
2224,0.067538125
2225,0.067158051
2226,0.447758422
2227,0.586964964
2228,0.593342503
2229,0.019327308
2230,0.826196916
2231,0.710257132
2232,0.010127670
2233,0.990892704
2234,0.095266907
2235,0.010371392
2236,0.013703864
2237,0.041565177
2238,0.386611636
2239,0.988128728
2240,0.246154014
2241,0.986793123
2242,0.976726032
2243,0.473538185
2244,0.997653071
2245,0.948125288
2246,0.293833543
2247,0.369728242
2248,0.722647832
2249,0.776504126
2250,0.705355091
2251,0.132575735
2252,0.021327831
2253,0.202131258
2254,0.870018071
2255,0.790570506
2256,0.647048666
2257,0.034220546
2258,0.703862838
2259,0.788769211
2260,0.829979631
2261,0.976645012
2262,0.041474288
2263,0.093139447
2264,0.302213837
2265,0.963856634
2266,0.990043963
2267,0.512235289
2268,0.509167926
2269,0.029999948
2270,0.251253973
2271,0.976398488
2272,0.389959448
2273,0.562394145
2274,0.404664650
2275,0.736342914
2276,0.934516482
2277,0.055187759
2278,0.719406081
2279,0.234657535
2280,0.043328622
2281,0.138648058
2282,0.159721758
2283,0.096420930
2284,0.306457210
2285,0.179090941
2286,0.624396975
2287,0.095232248
2288,0.975709750
2289,0.947360457
2290,0.916440665
2291,0.979846815
2292,0.218823848
2293,0.995087515
2294,0.939402959
2295,0.826294304
2296,0.048589534
2297,0.434222637
2298,0.761619808
2299,0.416620084
2300,0.996579735
2301,0.073925297
2302,0.960910914
2303,0.789814138
2304,0.893952992
2305,0.672833419
2306,0.669972074
2307,0.743645757
2308,0.082456729
2309,0.965645944
2310,0.933278379
2311,0.160442613
2312,0.847192848
2313,0.985160795
2314,0.992807661
2315,0.286442316
2316,0.758937166
2317,0.002770632
2318,0.491151825
2319,0.960639266
2320,0.316004266
2321,0.934425407
2322,0.805400427
2323,0.128818751
2324,0.998309547
2325,0.038130888
2326,0.608454002
2327,0.928577802
2328,0.924310475
2329,0.109181526
2330,0.362067326
2331,0.322831325
2332,0.051888587
2333,0.896827488
2334,0.262204829
2335,0.549361979
2336,0.997239302
2337,0.144609743
2338,0.912785396
2339,0.135664491
2340,0.975241350
2341,0.965624689
2342,0.980236684
2343,0.994533374
2344,0.635429235
2345,0.946017736
2346,0.743129588
2347,0.524000272
2348,0.277227800
2349,0.173167485
2350,0.022938856
2351,0.902215251
2352,0.283533364
2353,0.167728763
2354,0.162436451
2355,0.071687443
2356,0.123496813
2357,0.918205400
2358,0.259388213
2359,0.990353403
2360,0.774966419
2361,0.915127621
2362,0.181270195
2363,0.891092421
2364,0.053575344
2365,0.338710602
2366,0.956352980
2367,0.847717814
2368,0.512377896
2369,0.978666321
2370,0.966205275
2371,0.696842757
2372,0.896653953
2373,0.103028206
2374,0.263796943
2375,0.221428031
2376,0.965984367
2377,0.044537167
2378,0.084405133
2379,0.009484182
2380,0.950320729
2381,0.019477888
2382,0.208379567
2383,0.897686386
2384,0.249647447
2385,0.117342023
2386,0.810427512
2387,0.858625794
2388,0.216416454
2389,0.944370594
2390,0.814794840
2391,0.963378335
2392,0.130664026
2393,0.994337954
2394,0.986367994
2395,0.104905854
2396,0.902937724
2397,0.005924555
2398,0.015058913
2399,0.888585609
2400,0.911605773
2401,0.610854779
2402,0.603923314
2403,0.374079390
2404,0.886059123
2405,0.910543754
2406,0.962208884
2407,0.629632195
2408,0.985837511
2409,0.980157580
2410,0.652045152
2411,0.992056746
2412,0.296451695
2413,0.915481770
2414,0.058023766
2415,0.091026406
2416,0.711073034
2417,0.752002948
2418,0.725793697
2419,0.029285829
2420,0.178856228
2421,0.042873608
2422,0.289850138
2423,0.383554569
2424,0.971174374
2425,0.331201477
2426,0.802512681
2427,0.037166727
2428,0.940253675
2429,0.924518910
2430,0.993286057
2431,0.565355519
2432,0.163283051
2433,0.367608456
2434,0.534489042
2435,0.159281349
2436,0.801659733
2437,0.027031559
2438,0.089163640
2439,0.950206336
2440,0.974820848
2441,0.982657322
2442,0.032140448
2443,0.009212208
2444,0.764534064
2445,0.896956711
2446,0.610149011
2447,0.946154830
2448,0.098818581
2449,0.494206653
2450,0.065707669
2451,0.178041368
2452,0.173289638
2453,0.046131818
2454,0.913886641
2455,0.012367892
2456,0.062906672
2457,0.763578622
2458,0.403132872
2459,0.155374145
2460,0.986245346
2461,0.753741271
2462,0.956155493
2463,0.990330352
2464,0.947539294
2465,0.542619107
2466,0.981938561
2467,0.822880804
2468,0.111368736
2469,0.863995991
2470,0.136046749
2471,0.995688387
2472,0.418559081
2473,0.651925128
2474,0.283881733
2475,0.144153499
2476,0.955708933
2477,0.036695002
2478,0.074263495
2479,0.907365486
2480,0.933616138
2481,0.054466587
2482,0.897470431
2483,0.054005080
2484,0.348949292
2485,0.519162096
2486,0.978735719
2487,0.051709300
2488,0.456291959
2489,0.891691279
2490,0.210262352
2491,0.867850889
2492,0.984223743
2493,0.986868703
2494,0.412962637
2495,0.790327399
2496,0.199848725
2497,0.264883653
2498,0.062453782
2499,0.983082641
2500,0.767873823
2501,0.150075890
